{"cameraMode":{"drawMode":0,"name":"Shaded","section":"Shading Mode"},"sceneLighting":true,"audioPlay":false,"sceneViewState":{"showFog":true,"showMaterialUpdate":false,"showSkybox":true,"showFlares":true,"showImageEffects":true,"showParticleSystems":true},"in2DMode":false,"pivot":{"x":53.20135498046875,"y":4.525760650634766,"z":30.769546508789064},"rotation":{"x":-0.3843602240085602,"y":-0.11530821025371552,"z":0.048453424125909808,"w":-0.9146767258644104},"size":70.48931884765625,"orthographic":false}